use groupware;


INSERT INTO DEPARTMENT (DEPT_CODE, DEPT_TITLE, CREATION_DATE, END_DATE) VALUES
('D1', '임원진', '2020-01-01', NULL),
('D2', '전략기획부', '2020-01-01', NULL),
('D3', '경영지원부', '2020-01-01', NULL),
('D4', '인사부', '2020-01-01', NULL),
('D5', '채용팀', '2020-01-01', NULL),
('D6', '교육개발팀', '2020-01-01', NULL),
('D7', '영업부', '2020-01-01', NULL),
('D8', '영업기획팀', '2020-01-01', NULL),
('D9', '고객관리팀', '2020-01-01', NULL),
('D10', '마케팅부', '2020-01-01', NULL),
('D11', '브랜드관리팀', '2020-01-01', NULL),
('D12', '디지털마케팅팀', '2020-01-01', NULL),
('D13', '정보기술부', '2020-01-01', NULL),
('D14', '시스템개발팀', '2020-01-01', NULL),
('D15', '정보보안팀', '2020-01-01', NULL),
('D16', '제품개발부', '2020-01-01', '2022-05-28'),
('D17', '하드웨어팀', '2020-01-01', '2022-04-03'),
('D18', '소프트웨어팀', '2020-01-01', '2022-05-15'),
('D19', '연구개발부', '2020-01-01', '2023-06-10'),
('D20', '신제품연구팀', '2020-01-01', '2023-01-25'),
('D21', '기술혁신팀', '2020-01-01', '2023-03-30');




INSERT INTO DEPT_RELATIONS (SUP_DEPT_CODE, SUB_DEPT_CODE) VALUES
('D1', 'D2'),
('D1', 'D3'),
('D3', 'D4'),
('D2', 'D7'),
('D2', 'D10'),
('D3', 'D13'),
('D4', 'D5'),
('D4', 'D6'),
('D7', 'D8'),
('D7', 'D9'),
('D10', 'D11'),
('D10', 'D12'),
('D13', 'D14'),
('D13', 'D15');





INSERT INTO emp_position (POSITION_CODE, POSITION_NAME) VALUES
('P1', '대표'),
('P2', '이사'),
('P3', '부장'),
('P4', '과장'),
('P5', '대리'),
('P6', '사원');





INSERT INTO emp_title (TITLE_CODE, TITLE_NAME) VALUES
('T1', '대표'),
('T2', '책임자'),
('T4', '부서장'),
('T5', '팀장'),
('T6', '팀원');





INSERT INTO BANK (BANK_CODE, BANK_NAME) VALUES
('1', 'KEB하나은행'),
('2', 'SC제일은행'),
('3', '국민은행'),
('4', '신한은행'),
('5', '외환은행'),
('6', '우리은행'),
('7', '한국시티은행'),
('8', '기업은행');



INSERT INTO EMPLOYEE_INFO(EMP_CODE, EMP_NAME, EMP_PASS, SOCIAL_SECURITY_NO, EMAIL, PHONE, ADDRESS, DIRECT_LINE, ACCOUNT_NUM, HIRE_DATE, END_DATE, EMP_STATUS, DEPT_CODE, POSITION_CODE, TITLE_CODE, BANK_CODE) VALUES

('2020011', '박진영', '2020011', '900101-1234567', 'chulsu.kim@company.com', '010-1234-5678', '12345 서울특별시 강남구 삼성동', '1001', '123-456-7890', '2020-01-01', NULL, 'Y', 'D1', 'P1', 'T1', '1'),

('2020021', '박은비', '2020021', '910202-2345678', 'younghee.lee@company.com', '010-2345-6789', '67890 부산광역시 해운대구 우동', '1002', '234-567-8901', '2020-02-15', NULL, 'Y', 'D1', 'P2', 'T2', '2'),
('2021011', '이재현', '2021011', '920303-3456789', 'minsu.park@company.com', '010-3456-7890', '23456 대구광역시 중구 동인동', '1003', '345-678-9012', '2021-01-10', NULL, 'Y', 'D1', 'P2', 'T3', '3'),

('2021032', '최수지', '2021032', '930404-4567890', 'suji.choi@company.com', '010-4567-8901', '34567 인천광역시 남동구 구월동', '1004', '456-789-0123', '2021-03-20', NULL, 'Y', 'D4', 'P3', 'T4', '4'),
('2022051', '강다영', '2022051', '940505-5678901', 'dayoung.kang@company.com', '010-5678-9012', '45678 대전광역시 서구 둔산동', '1005', '567-890-1234', '2022-05-10', NULL, 'Y', 'D7', 'P3', 'T4', '5'),
('2023061', '정지훈', '2023061', '950606-6789012', 'jihoon.jung@company.com', '010-6789-0123', '56789 광주광역시 북구 용봉동', '1006', '678-901-2345', '2023-06-01', NULL, 'Y', 'D10', 'P3', 'T4', '6'),
('2024011', '윤서준', '2024011', '960707-7890123', 'seojun.yoon@company.com', '010-7890-1234', '67890 울산광역시 남구 삼산동', '1007', '789-012-3456', '2024-01-01', NULL, 'Y', 'D13', 'P3', 'T4', '7'),
('2021067', '김태현', '2021067', '930612-1234567', 'taehyun@company.com', '010-4567-8901', '23456 대구광역시 중구 동인동', '1018', '456-789-0123', '2021-06-27', NULL, 'Y', 'D2', 'P3', 'T4', '1'),
('2021068', '이서영', '2021068', '960101-1234567', 'seoyoung@company.com', '010-1234-5678', '34567 인천광역시 남동구 구월동', '1101', '123-456-7890', '2021-06-10', NULL, 'Y', 'D3', 'P3', 'T4', '9'),

('2022041', '강예지', '2022041', '990303-2345678', 'yeji.kang@company.com', '010-2345-6789', '23456 전라북도 전주시 완산구 서신동', '1012', '234-567-8901', '2022-04-05', NULL, 'Y', 'D11', 'P4', 'T5', '4'),
('2022091', '황민서', '2022091', '000404-3456789', 'minseo.hwang@company.com', '010-3456-7890', '34567 경상북도 경주시 건천읍 동리', '1013', '345-678-9012', '2022-09-15', NULL, 'Y', 'D12', 'P4', 'T5', '5'),
('2023062', '이승우', '2023062', '010505-4567890', 'seungwoo.lee@company.com', '010-4567-8901', '45678 강원도 춘천시 남산면 가산리', '1014', '456-789-0123', '2023-06-01', NULL, 'Y', 'D14', 'P4', 'T5', '6'),
('2023091', '장수빈', '2023091', '020606-5678901', 'subin.jang@company.com', '010-5678-9012', '56789 충청남도 천안시 동남구 신부동', '1015', '567-890-1234', '2023-09-15', NULL, 'Y', 'D15', 'P4', 'T5', '7'),
('2024012', '김유진', '2024012', '030707-6789012', 'yujin.kim@company.com', '010-6789-0123', '67890 전라남도 여수시 삼일동', '1016', '678-901-2345', '2024-01-01', NULL, 'Y', 'D8', 'P5', 'T4', '8'),
('2024101', '박재원', '2024101', '040808-7890123', 'jaewon.park@company.com', '010-7890-1234', '78901 경상남도 진주시 상봉동', '1017', '789-012-3456', '2024-10-30', NULL, 'Y', 'D9', 'P4', 'T5', '1'),
('2024051', '이승훈', '2024051', '050909-8901234', 'seunghoon.lee@company.com', '010-8901-2345', '89012 제주특별자치도 제주시 애월읍 하천리', '1018', '890-123-4567', '2024-05-01', NULL, 'Y', 'D5', 'P4', 'T5', '2'),
('2024033', '최지우', '2024033', '051010-9012345', 'jiwoo.choi@company.com', '010-9012-3456', '90123 서울특별시 강동구 천호동', '1019', '901-234-5678', '2024-03-25', NULL, 'Y', 'D6', 'P4', 'T5', '3'),
('2022073', '김지연', '2022073', '940601-1234567', 'jiyeon@company.com', '010-1234-5678', '23456 전라북도 전주시 완산구 서신동', '1019', '123-456-7890', '2022-07-03', NULL, 'Y', 'D2', 'P4', 'T5', '2'),
('2021091', '이서연', '2021091', '071626-5678901', 'seoyeon.lee@company.com', '010-4567-8901', '56789 부산광역시 남구 대연동', '1034', '456-789-0123', '2021-09-15', NULL, 'Y', 'D3', 'P4', 'T5', '2'),

('2021081', '김민서', '2021081', '071525-4567890', 'minseo.kim@company.com', '010-3456-7890', '45678 대전광역시 서구 도마동', '1033', '345-678-9012', '2021-08-01', NULL, 'Y', 'D2', 'P5', 'T6', '1'),
('2022111', '박서진', '2022111', '071727-6789012', 'seojin.park@company.com', '010-5678-9012', '67890 서울특별시 강서구 화곡동', '1035', '567-890-1234', '2022-11-01', NULL, 'Y', 'D3', 'P5', 'T6', '3'),
('2022121', '김민지', '2022121', '071828-7890123', 'minji.kim@company.com', '010-6789-0123', '78901 경기도 성남시 중원구 상대원동', '1036', '678-901-2345', '2022-12-25', NULL, 'Y', 'D8', 'P5', 'T6', '4'),
('2023011', '이서아', '2023011', '071929-8901234', 'seoah.lee@company.com', '010-7890-1234', '89012 전라북도 전주시 완산구 효자동', '1037', '789-012-3456', '2023-01-01', NULL, 'Y', 'D8', 'P5', 'T6', '5'),
('2023021', '박준우', '2023021', '072030-9012345', 'junwoo.park@company.com', '010-9012-3456', '90123 경기도 수원시 장안구 영화동', '1038', '901-234-5678', '2023-02-15', NULL, 'Y', 'D11', 'P5', 'T6', '6'),
('2023032', '김서준', '2023032', '072131-0123456', 'seojun.kim@company.com', '010-0123-4567', '12345 경상남도 창원시 의창구 동읍리', '1039', '012-345-6789', '2023-03-10', NULL, 'Y', 'D11', 'P5', 'T6', '7'),
('2024031', '이수민', '2024031', '072232-1234567', 'sumin.lee@company.com', '010-1234-5678', '23456 서울특별시 강남구 삼성동', '1040', '123-456-7890', '2024-03-01', NULL, 'Y', 'D12', 'P5', 'T6', '8'),
('2024041', '박시우', '2024041', '072333-2345678', 'siwoo.park@company.com', '010-2345-6789', '34567 인천광역시 연수구 송도동', '1041', '234-567-8901', '2024-04-05', NULL, 'Y', 'D12', 'P5', 'T6', '1'),
('2024052', '김다윤', '2024052', '072434-3456789', 'dayoon.kim@company.com', '010-3456-7890', '45678 대구광역시 수성구 만촌동', '1042', '345-678-9012', '2024-05-10', NULL, 'Y', 'D5', 'P5', 'T6', '2'),
('2024061', '이준우', '2024061', '072535-4567890', 'junwoo.lee@company.com', '010-4567-8901', '56789 광주광역시 북구 용봉동', '1043', '456-789-0123', '2024-06-01', NULL, 'Y', 'D5', 'P5', 'T6', '3'),
('2023071', '박예은', '2023071', '072636-5678901', 'yeeun.park@company.com', '010-5678-9012', '67890 경기도 용인시 수지구 동천동', '1044', '567-890-1234', '2023-07-01', NULL, 'Y', 'D6', 'P5', 'T6', '4'),
('2023081', '김지민', '2023081', '072737-6789012', 'jimin.kim@company.com', '010-6789-0123', '78901 대전광역시 서구 탄방동', '1045', '678-901-2345', '2023-08-01', NULL, 'Y', 'D14', 'P5', 'T6', '5'),
('2021031', '이미나', '2021031', '900612-1234567', 'mina@company.com', '010-1234-5678', '45678 대전광역시 서구 둔산동', '1015', '123-456-7890', '2021-03-31', NULL, 'Y', 'D14', 'P5', 'T6', '6'),
('2021048', '박하늘', '2021048', '910820-2345678', 'haneul@company.com', '010-2345-6789', '56789 광주광역시 북구 용봉동', '1016', '234-567-8901', '2021-04-08', NULL, 'Y', 'D15', 'P5', 'T6', '7'),
('2021056', '정수지', '2021056', '920901-3456789', 'suji@company.com', '010-3456-7890', '67890 울산광역시 남구 삼산동', '1017', '345-678-9012', '2021-05-16', NULL, 'Y', 'D9', 'P5', 'T6', '8'),

('2022089', '이재영', '2022089', '960820-2345678', 'jaeyoung@company.com', '010-2345-6789', '34567 경상북도 경주시 건천읍 동리', '1020', '234-567-8901', '2022-08-09', NULL, 'Y', 'D2', 'P6', 'T6', '3'),
('2022095', '박은지', '2022095', '980901-3456789', 'eunji@company.com', '010-3456-7890', '45678 강원도 춘천시 남산면 가산리', '1021', '345-678-9012', '2022-09-15', NULL, 'Y', 'D3', 'P6', 'T6', '4'),
('2022102', '김민성', '2022102', '990422-4567890', 'minseong@company.com', '010-4567-8901', '56789 충청남도 천안시 동남구 신부동', '1022', '456-789-0123', '2022-10-22', NULL, 'Y', 'D8', 'P6', 'T6', '5'),
('2022119', '이승현', '2022119', '000428-5678901', 'seunghyun@company.com', '010-5678-9012', '67890 전라남도 여수시 삼일동', '1023', '567-890-1234', '2022-11-28', NULL, 'Y', 'D9', 'P6', 'T6', '6'),
('2022125', '박준호', '2022125', '001103-6789012', 'junho@company.com', '010-6789-0123', '78901 경상남도 진주시 상봉동', '1024', '678-901-2345', '2022-12-31', NULL, 'Y', 'D9', 'P6', 'T6', '7'),
('2023014', '김현우', '2023014', '011220-7890123', 'hyunwoo@company.com', '010-7890-1234', '89012 제주특별자치도 제주시 애월읍 하천리', '1025', '789-012-3456', '2023-01-14', NULL, 'Y', 'D11', 'P6', 'T6', '8'),
('2023025', '이지훈', '2023025', '020313-8901234', 'jihun@company.com', '010-8901-2345', '90123 서울특별시 강동구 천호동', '1026', '890-123-4567', '2023-02-25', NULL, 'Y', 'D12', 'P6', 'T6', '1'),
('2023031', '박태인', '2023031', '040412-9012345', 'taein@company.com', '010-9012-3456', '12345 서울시 강남구 역삼동', '1027', '901-234-5678', '2023-03-31', NULL, 'Y', 'D5', 'P6', 'T6', '2'),
('2023048', '김유진', '2023048', '050601-0123456', 'yujin@company.com', '010-0123-4567', '67890 서울특별시 종로구 견지동', '1028', '012-345-6789', '2023-04-08', NULL, 'Y', 'D14', 'P6', 'T6', '3'),
('2024024', '김태희', '2024024', '970202-2345678', 'taehee@company.com', '010-2345-6789', '78901 경기도 수원시 장안구 정자동', '1102', '234-567-8901', '2024-02-01', NULL, 'Y', 'D6', 'P6', 'T6', '1'),
('2024025', '김지은', '2024025', '990404-4567890', 'jieun@company.com', '010-4567-8901', '89012 서울특별시 성북구 정릉동', '1104', '456-789-0123', '2024-02-01', NULL, 'Y', 'D6', 'P6', 'T6', '3'),
('2024026', '박지민', '2024026', '980303-3456789', 'jimin@company.com', '010-3456-7890', '90123 서울특별시 강남구 역삼동', '1103', '345-678-9012', '2024-02-01', NULL, 'Y', 'D15', 'P6', 'T6', '2'),


('2022056', '김민준', '2022056', '940707-1234567', 'minjoon@company.com', '010-1234-5678', '23456 대전광역시 서구 둔산동', '1008', '123-456-7890', '2022-05-15', '2024-05-15', 'N', 'D4', 'P3', 'T4', '2'),

('2023035', '김서연', '2023035', '960808-2345678', 'seoyeon@company.com', '010-2345-6789', '34567 인천광역시 연수구 송도동', '1009', '234-567-8901', '2023-03-25', '2025-03-25', 'N', 'D7', 'P5', 'T6', '3'),
('2024035', '박시현', '2024035', '970909-3456789', 'sihyun@company.com', '010-3456-7890', '45678 강원도 춘천시 남산면 가산리', '1010', '345-678-9012', '2024-03-25', '2026-03-25', 'N', 'D10', 'P5', 'T6', '4'),

('2022078', '이동민', '2022078', '051212-1234567', 'dongmin@company.com', '010-1234-5678', '56789 광주광역시 북구 용봉동', '1030', '123-456-7890', '2022-07-15', '2024-07-15', 'N', 'D1', 'P6', 'T6', '5'),
('2022085', '김영진', '2022085', '061313-2345678', 'youngjin@company.com', '010-2345-6789', '67890 전라남도 여수시 삼일동', '1031', '234-567-8901', '2022-08-01', '2024-08-01', 'N', 'D2', 'P6', 'T6', '6'),
('2032092', '박성민', '2032092', '071414-3456789', 'seongmin@company.com', '010-3456-7890', '78901 경상남도 진주시 상봉동', '1032', '345-678-9012', '2023-09-01', '2025-09-01', 'N', 'D3', 'P6', 'T6', '7'),
('2022109', '김지현', '2022109', '081515-4567890', 'jihyun@company.com', '010-4567-8901', '89012 제주특별자치도 제주시 애월읍 하천리', '1033', '456-789-0123', '2022-10-01', '2023-10-01', 'N', 'D4', 'P6', 'T6', '8'),
('2023106', '이민우', '2023106', '091616-5678901', 'minwoo@company.com', '010-5678-9012', '90123 서울특별시 강남구 역삼동', '1034', '567-890-1234', '2023-10-01', '2024-11-01', 'N', 'D5', 'P6', 'T6', '1');

INSERT INTO EMPLOYEE_INFO(EMP_CODE, EMP_NAME, EMP_PASS, SOCIAL_SECURITY_NO, EMAIL, PHONE, ADDRESS, DIRECT_LINE, ACCOUNT_NUM, HIRE_DATE, END_DATE, EMP_STATUS, DEPT_CODE, TITLE_CODE, POSITION_CODE, BANK_CODE, refresh_token) VALUES
('2024062', '이복구', '$2a$10$nNVRTHGl.6jWJU4fURLXq.Ew6oSj1831ttqHmfmpAoYQ1urP89ydO', '111111-2222222',
'minwoo@company.com', '010-5678-9012', '90123 서울특별시 강남구 역삼동', '1034', '999-999-9999', '2024-06-12',
NULL, 'Y', 'D5', 'T6', 'P5', 1, NULL);