

INSERT INTO `POST`
(`POST_CODE`, `POST_NAME`, `POST_VIEW_CNT`, `POST_DATE`, `POST_CON`, `POST_COMM_SET`, `FIX_STATUS`, `NOTICE_STATUS`, `EMP_CODE`, `LOW_CODE`, `PS_CODE`)
VALUES
    ('PO01', '첫 번째 게시물', 100, '2023-01-01', '첫 번째 게시물입니다.', 1, 'N', 'N', 1, 1, 1),
    ('PO02', '두 번째 게시물', 200, '2023-02-01', '두 번째 게시물입니다.', 1, 'N', 'N', 2, 1, 2),
    ('PO03', '세 번째 게시물', 300, '2023-03-01', '세 번째 게시물입니다.', 1, 'N', 'N', 3, 2, 1),
    ('PO04', '네 번째 게시물', 400, '2023-04-01', '네 번째 게시물입니다.', 1, 'N', 'N', 4, 2, 2),
    ('PO05', '다섯 번째 게시물', 500, '2023-05-01', '다섯 번째 게시물입니다.', 1, 'N', 'N', 5, 3, 1),
    ('PO06', '여섯 번째 게시물', 600, '2023-06-01', '여섯 번째 게시물입니다.', 1, 'N', 'N', 6, 3, 2),
    ('PO07', '일곱 번째 게시물', 700, '2023-07-01', '일곱 번째 게시물입니다.', 1, 'N', 'N', 7, 4, 1),
    ('PO08', '여덟 번째 게시물', 800, '2023-08-01', '여덟 번째 게시물입니다.', 1, 'N', 'N', 8, 4, 2),
    ('PO09', '아홉 번째 게시물', 900, '2023-09-01', '아홉 번째 게시물입니다.', 1, 'N', 'N', 9, 5, 1),
    ('PO10', '열 번째 게시물', 1000, '2023-10-01', '열 번째 게시물입니다.', 1, 'N', 'N', 10, 5, 2),
    ('PO11', '열한 번째 게시물', 1100, '2023-11-01', '열한 번째 게시물입니다.', 1, 'N', 'N', 11, 1, 1),
    ('PO12', '열두 번째 게시물', 1200, '2023-12-01', '열두 번째 게시물입니다.', 1, 'N', 'N', 12, 1, 2),
    ('PO13', '열세 번째 게시물', 1300, '2024-01-01', '열세 번째 게시물입니다.', 1, 'N', 'N', 13, 2, 1),
    ('PO14', '열네 번째 게시물', 1400, '2024-02-01', '열네 번째 게시물입니다.', 1, 'N', 'N', 14, 2, 2),
    ('PO15', '열다섯 번째 게시물', 1500, '2024-03-01', '열다섯 번째 게시물입니다.', 1, 'N', 'N', 15, 3, 1),
    ('PO16', '열여섯 번째 게시물', 1600, '2024-04-01', '열여섯 번째 게시물입니다.', 1, 'N', 'N', 16, 3, 2),
    ('PO17', '열일곱 번째 게시물', 1700, '2024-05-01', '열일곱 번째 게시물입니다.', 1, 'N', 'N', 17, 4, 1),
    ('PO18', '열여덟 번째 게시물', 1800, '2024-06-01', '열여덟 번째 게시물입니다.', 1, 'N', 'N', 18, 4, 2),
    ('PO19', '열아홉 번째 게시물', 1900, '2024-07-01', '열아홉 번째 게시물입니다.', 1, 'N', 'N', 19, 5, 1),
    ('PO20', '스무 번째 게시물', 2000, '2024-08-01', '스무 번째 게시물입니다.', 1, 'N', 'N', 20, 5, 2);
INSERT INTO `POST_SORT`
(`PS_CODE`, `PS_NAME`)
VALUES
    (1, '공지사항'),
    (2, '이벤트'),
    (3, '자유게시판'),
    (4, '질문과 답변'),
    (5, '정보 공유');
INSERT INTO `POST_ROLE`
(`PR_CODE`, `PR_WRITE_ROLE`, `LOW_CODE`, `EMP_CODE`, `PR_ADMIN`)
VALUES
    (1, 'Y', 1, 1, 'Y'),
    (2, 'Y', 1, 2, 'N'),
    (3, 'Y', 2, 3, 'Y'),
    (4, 'N', 2, 4, 'N'),
    (5, 'Y', 3, 5, 'N'),
    (6, 'N', 3, 6, 'N'),
    (7, 'Y', 4, 7, 'N'),
    (8, 'N', 4, 8, 'N'),
    (9, 'Y', 5, 9, 'N'),
    (10, 'N', 5, 10, 'N'),
    (11, 'Y', 1, 11, 'N'),
    (12, 'N', 1, 12, 'N'),
    (13, 'Y', 2, 13, 'N'),
    (14, 'N', 2, 14, 'N'),
    (15, 'Y', 3, 15, 'N'),
    (16, 'N', 3, 16, 'N'),
    (17, 'Y', 4, 17, 'N'),
    (18, 'N', 4, 18, 'N'),
    (19, 'Y', 5, 19, 'N'),
    (20, 'N', 5, 20, 'N');
INSERT INTO `BOARD`
(`BOARD_CODE`, `BOARD_NAME`)
VALUES
    (1, '공지사항'),
    (2, '이벤트'),
    (3, '자유게시판'),
    (4, '질문과 답변'),
    (5, '정보 공유');
INSERT INTO `LOW_BOARD`
(`LOW_CODE`, `LOW_NAME`, `BOARD_CODE`)
VALUES
    (1, '공지사항', 1),
    (2, '이벤트', 1),
    (3, '자유게시판', 2),
    (4, '질문과 답변', 2),
    (5, '정보 공유', 3),
    (6, '문의 및 건의', 3),
    (7, '자료실', 4),
    (8, 'FAQ', 4),
    (9, '사용자 가이드', 5),
    (10, '팁 및 노하우', 5),
    (11, '홍보', 1),
    (12, '이벤트 참여 후기', 1),
    (13, '자유 토론', 2),
    (14, 'Q&A', 2),
    (15, '파일 공유', 3),
    (16, '문제 해결', 3),
    (17, '자료 다운로드', 4),
    (18, '자주 묻는 질문', 4),
    (19, '매뉴얼', 5),
    (20, '최신 정보', 5);
